country,iso3,year,gdp_per_capita,health_expenditure_percent_gdp,rural_population_percent,female_population_percent,gdp_per_capita_ppp
Angola,AGO,2000,563.733795571487,1.68525279,49.913,50.8791333847776,3689.53780847244
Burundi,BDI,2000,134.537861752389,4.22181606,91.754,50.7463996823588,519.237306665577
Benin,BEN,2000,487.424141384242,2.9591713,61.667,50.5951227834091,1671.35725172854
Burkina Faso,BFA,2000,248.908526921752,4.0211668,82.156,50.7774529382095,896.477481510815
Botswana,BWA,2000,3450.81180622992,6.10838556,46.781,50.9706793085892,9380.37607253972
Central African Republic,CAF,2000,239.154133726071,4.3808217,62.361,49.7421881684638,639.836997022267
Cameroon,CMR,2000,708.565731625965,4.29573393,54.458,50.3578610642213,2108.49454959751
Democratic Republic of the Congo,COD,2000,377.925421481395,1.46594739,64.878,50.5280063585086,416.548214460226
Republic of the Congo,COG,2000,1024.30159109181,1.50500846,41.305,50.2635699158391,3667.42487266336
Comoros,COM,2000,633.309032776244,7.51525021,71.92,50.7549246381137,1740.64947132869
Cabo Verde,CPV,2000,1189.51479345891,3.86025023,46.565,51.0151813958413,3124.49488355024
Djibouti,DJI,2000,737.612183644052,3.39641857,23.468,50.2662855705336,
Algeria,DZA,2000,1772.92869122761,3.21485448,40.081,48.4689550277695,9186.81590342899
Egypt,EGY,2000,1366.09274372613,4.92244291,57.203,49.2555260653038,5451.51566992118
Eritrea,ERI,2000,314.357396753501,5.76670074,73.413,51.2019638358349,1557.87580231581
Ethiopia,ETH,2000,122.269202606069,4.36504698,85.26,50.0967995161181,473.903313482073
Gabon,GAB,2000,3982.906200928,2.90471101,21.121,50.4975806932106,13326.1169521318
Ghana,GHA,2000,253.746936203344,1.66343236,56.071,50.2143622422206,2315.17803047482
Guinea,GIN,2000,518.157066924026,4.74101353,69.131,50.7219803078268,1195.80611453345
Guinea-Bissau,GNB,2000,316.945495037639,4.18953228,63.757,51.3968122843676,1013.97349183331
Equatorial Guinea,GNQ,2000,1487.3165506701,1.22260201,50.908,49.7149779817114,7420.39310111594
Kenya,KEN,2000,414.626365130846,3.62451434,80.108,50.3159232043714,1906.89794095999
Liberia,LBR,2000,298.485340578945,2.69215393,55.669,50.4713269556261,965.395523330548
Libya,LBY,2000,7214.10040377084,3.31908512,23.613,46.6097030323343,20616.9848683599
Lesotho,LSO,2000,442.779545779081,5.15633392,80.452,51.3666511470308,1272.924433991
Morocco,MAR,2000,1499.107421875,3.69304585,46.665,49.8627769655568,3930.22314453125
Madagascar,MDG,2000,280.282905559649,3.99177623,72.879,49.8509869529803,1235.78733941908
Mali,MLI,2000,304.652870194271,5.4663372,71.644,49.6338832546044,1356.51736440853
Mozambique,MOZ,2000,327.12623979157,2.14253044,70.902,51.6940120144605,471.967329761791
Mauritania,MRT,2000,680.911061879778,3.37824655,61.909,50.1310341423434,2303.66639707769
Mauritius,MUS,2000,3981.98343249582,2.85734653,57.33,49.4646272610632,9143.0073732792
Malawi,MWI,2000,224.22415918428,2.35247517,85.39,51.3467813815235,974.310137499677
Namibia,NAM,2000,2156.67590512714,10.04545307,67.627,51.7615018197594,5128.61433644621
Niger,NER,2000,194.771959898935,4.65891504,83.814,49.5433563025049,764.28188514316
Nigeria,NGA,2000,547.318298903379,3.1973834,65.16,49.924578161909,3138.99138910401
Rwanda,RWA,2000,251.86926386091,3.57583427,85.074,52.252411178034,609.265855545553
Sudan,SDN,2000,362.116882324219,3.60664487,67.505,49.9922312978111,2616.46459960938
Senegal,SEN,2000,603.233162455158,3.55015373,59.68,50.6053714489791,1963.27509878739
Sierra Leone,SLE,2000,143.743743239644,5.29086494,64.374,50.6635527709031,1242.07432044948
South Sudan,SSD,2000,,,83.496,51.3870158598749,
Sao Tome and Principe,STP,2000,529.089383412262,9.31892776,46.576,50.2947527756754,1830.36629942706
Eswatini,SWZ,2000,1629.67038842815,4.60951757,77.314,51.6539051712383,4400.66419449933
Seychelles,SYC,2000,8063.65500575169,4.61071777,49.567,49.0452357805543,14637.9590709133
Chad,TCD,2000,163.121663683369,4.20697546,78.363,50.4112208360505,1043.54539995059
Togo,TGO,2000,409.889802792768,3.33427,67.093,50.1404270320286,1314.73739642693
Tunisia,TUN,2000,2199.04465936314,4.81271935,36.568,49.4746252791237,6278.98680881057
Tanzania,TZA,2000,401.698150634766,3.41529942,77.691,50.3083977563547,1163.64367675781
Uganda,UGA,2000,258.050338731086,5.0827775,85.214,50.8653070918307,1124.20958232447
South Africa,ZAF,2000,3217.84693448467,7.3366189,43.109,52.4677617353912,8095.29428867929
Zambia,ZMB,2000,359.429500988221,4.12029076,65.198,51.6624139978803,1708.51552615927
Zimbabwe,ZWE,2000,562.833757496076,,66.242,52.4138931412611,3429.12057152309
Angola,AGO,2001,533.586202412447,3.95882654,48.726,50.8861208916806,3801.63313374818
Burundi,BDI,2001,132.159554541932,5.68180418,91.539,50.7420227859034,528.435573413436
Benin,BEN,2001,492.401499509072,3.30417323,61.35,50.5527831485888,1745.98256227696
Burkina Faso,BFA,2001,259.485223380436,3.95983911,81.46,50.7146766397172,947.919374676953
Botswana,BWA,2001,3206.07123689853,6.3660779,45.938,50.9359008651754,9419.79390743785
Central African Republic,CAF,2001,237.951702544735,4.01043987,62.28,49.7604150747279,668.445939283473
Cameroon,CMR,2001,715.470296470585,4.16830397,53.861,50.336206474794,2190.89640724166
Democratic Republic of the Congo,COD,2001,142.678142604412,2.62310982,64.413,50.5237140658466,403.983196706619
Republic of the Congo,COG,2001,854.598314408095,2.18529987,40.844,50.2287063522888,3748.44674931557
Comoros,COM,2001,681.163857619963,6.6571784,71.964,50.6236979642557,1838.1071436353
Cabo Verde,CPV,2001,1223.33055331575,3.69652915,45.709,50.8791139556761,3216.64651196602
Djibouti,DJI,2001,742.133791107063,3.1960845,23.422,50.2540473193114,
Algeria,DZA,2001,1896.30020878013,3.53628588,39.288,48.4983365314745,9543.52035384959
Egypt,EGY,2001,1295.1374184163,5.40030336,57.157,49.2524603718407,5650.05196237607
Eritrea,ERI,2001,325.409161513593,5.91931677,72.545,51.1639091916842,1683.68441866109
Ethiopia,ETH,2001,118.457204255261,4.72316694,85.073,50.0497382546296,509.119301829784
Gabon,GAB,2001,3835.75718279727,3.15198207,20.367,50.434907440426,13555.6285395224
Ghana,GHA,2001,263.542156494853,1.86866331,55.399,50.1958911332133,2397.30067037823
Guinea,GIN,2001,483.085120214741,4.88433027,68.856,50.87428980932,1250.97059720231
Guinea-Bissau,GNB,2001,327.138431972397,4.12891531,63.378,51.3631862412023,1063.57228308529
Equatorial Guinea,GNQ,2001,1948.61145907844,1.32559299,49.168,49.5210952795011,11626.7231171673
Kenya,KEN,2001,410.700452474814,3.74002314,79.761,50.292268898899,1961.05816869463
Liberia,LBR,2001,300.463828598983,2.15581036,55.327,50.4626846020859,986.572798678639
Libya,LBY,2001,6312.80030498965,3.92571616,23.498,47.0325645366021,20331.6315181003
Lesotho,LSO,2001,412.677473676821,6.59075689,79.933,51.3688911679169,1350.00529706535
Morocco,MAR,2001,1506.24523925781,3.81601191,46.338,49.8339351222896,4268.86962890625
Madagascar,MDG,2001,319.283278235657,4.11513853,72.609,49.8493536552911,1298.56378873164
Mali,MLI,2001,346.224554251022,4.51952076,70.925,49.6103392852916,1558.71870195563
Mozambique,MOZ,2001,304.792138621913,2.80098224,70.723,51.7404909738404,532.627310160456
Mauritania,MRT,2001,651.817840199777,3.5718379,61.384,50.1846376681748,2279.72711478483
Mauritius,MUS,2001,3908.55694927435,2.92151856,57.441,49.4979605155817,9585.8047303181
Malawi,MWI,2001,215.474524898357,2.06040049,85.302,51.3863727758457,924.056368279235
Namibia,NAM,2001,1915.58926594875,10.46567631,67.102,51.7564974087907,5196.15009836199
Niger,NER,2001,205.417936120931,4.72659349,83.74,49.5107312958155,809.387186909375
Nigeria,NGA,2001,566.428231812933,3.18946862,64.331,49.8916666496615,3308.50611479543
Rwanda,RWA,2001,237.308846200901,3.31599975,84.171,52.35829925927,669.875436350145
Sudan,SDN,2001,451.293304443359,3.36456871,67.452,50.0146089476473,2769.4228515625
Senegal,SEN,2001,637.213530563724,3.68148756,59.536,50.6426551722315,2043.85289540933
Sierra Leone,SLE,2001,358.315716051546,5.22183514,64.133,50.6361882193996,1121.24260099529
South Sudan,SSD,2001,,,83.368,51.2898772444511,
Sao Tome and Principe,STP,2001,518.88050130005,9.64001942,45.623,50.3077711357814,1897.87411122439
Eswatini,SWZ,2001,1429.85630359447,5.13895369,77.445,51.7571717802151,4521.4032108244
Seychelles,SYC,2001,8153.2986369879,4.54768324,49.354,48.9693402359171,14614.8329926864
Chad,TCD,2001,194.32295331156,4.08039331,78.33,50.3667031495694,1151.92026849056
Togo,TGO,2001,396.692654520135,3.4422195,66.644,50.1180888554211,1320.13616908956
Tunisia,TUN,2001,2235.71981624751,4.86132765,36.182,49.5337588048727,6593.38196542465
Tanzania,TZA,2001,396.638732910156,4.23551702,77.326,50.322833773222,1228.52233886719
Uganda,UGA,2001,236.021188853993,5.05208397,84.799,50.8438383677148,1172.6831745569
South Africa,ZAF,2001,2847.15191945908,7.12327909,42.632,52.4663893205684,8428.31681707531
Zambia,ZMB,2001,396.548952993504,4.77853632,64.998,51.5784606688926,1785.06711385476
Zimbabwe,ZWE,2001,566.388746448872,,65.83,52.4810888429498,3533.08605903604
Angola,AGO,2002,999.065855913758,2.9398222,47.539,50.8887244636463,4241.2915015658
Burundi,BDI,2002,120.952308575468,5.34983587,91.318,50.73083287369,544.922790017055
Benin,BEN,2002,546.463829658159,3.09589195,60.964,50.5105905522378,1799.88269639499
Burkina Faso,BFA,2002,285.654087637533,4.17985535,80.742,50.6468391507982,973.983933383218
Botswana,BWA,2002,3117.25087183011,6.66529799,45.43,50.899233878756,9957.74055935149
Central African Republic,CAF,2002,248.639290978403,4.23633623,62.198,49.7776503047745,688.18045108872
Cameroon,CMR,2002,789.623811072554,4.02669907,53.262,50.3147080539813,2263.05519674356
Democratic Republic of the Congo,COD,2002,162.38052907429,2.57012939,63.945,50.5214246744567,409.641833781142
Republic of the Congo,COG,2002,905.538135544704,1.70167828,40.383,50.1999390588017,3888.16402343345
Comoros,COM,2002,764.61349832543,6.68594599,72.008,50.4799408863117,1911.61256823567
Cabo Verde,CPV,2002,1328.57874270666,3.72489762,44.854,50.7284079084287,3388.44814452274
Djibouti,DJI,2002,743.013270420348,3.75243783,23.376,50.2454831354469,
Algeria,DZA,2002,1937.46411413019,3.44169641,38.499,48.529140998312,10080.182500398
Egypt,EGY,2002,1116.82884626213,5.5107379,57.111,49.2560441758411,5752.69708070468
Eritrea,ERI,2002,304.775756465092,6.68857431,71.659,51.1141979216683,1701.69523684878
Ethiopia,ETH,2002,109.593813612988,4.7126298,84.882,50.006641258693,509.126314077643
Gabon,GAB,2002,3966.48001864663,3.32970691,19.632,50.3680299746866,13369.1233374468
Ghana,GHA,2002,297.46164468774,1.94694591,54.725,50.1763149013372,2475.09635357919
Guinea,GIN,2002,495.916073559269,5.35653734,68.58,50.9786068033146,1315.36669371684
Guinea-Bissau,GNB,2002,362.034574570354,3.87280011,62.996,51.3280767667617,1095.22305833488
Equatorial Guinea,GNQ,2002,2264.21065580365,2.88730073,47.427,49.3313549476977,13254.823622224
Kenya,KEN,2002,402.936385605382,3.82159472,79.409,50.2703601565783,1940.4030326056
Liberia,LBR,2002,299.536445539621,2.16462922,54.983,50.4511950926415,1012.9189129211
Libya,LBY,2002,3718.29434696755,4.73818302,23.371,47.4437451097504,20060.6396913983
Lesotho,LSO,2002,388.92334985135,5.8607502,79.403,51.3708965849159,1385.18222067454
Morocco,MAR,2002,1596.02062988281,4.06117535,46.01,49.8062273962501,4436.4287109375
Madagascar,MDG,2002,304.941777398445,4.92866945,72.337,49.8479166249998,1121.08749552772
Mali,MLI,2002,378.191678628285,4.99775982,70.194,49.5913997745777,1581.11108691343
Mozambique,MOZ,2002,313.886661721198,3.18652654,70.543,51.7834052752936,580.040921427185
Mauritania,MRT,2002,648.879643934862,4.00224972,60.52,50.2897225097721,2295.80500995331
Mauritius,MUS,2002,4073.06053055903,3.18897271,57.553,49.5302187450621,9823.53996405315
Malawi,MWI,2002,428.210439838398,2.69725966,85.214,51.4229186797795,931.283507531356
Namibia,NAM,2002,1772.07565537493,10.47871208,66.234,51.7315345050268,5433.26902723843
Niger,NER,2002,225.294391147438,4.82717037,83.745,49.478360605399,832.469364409205
Nigeria,NGA,2002,712.164852077686,2.49063969,63.492,49.8555120045114,3770.1793488182
Rwanda,RWA,2002,234.043016755733,3.12787294,83.223,52.431328852477,759.662612911492
Sudan,SDN,2002,506.262634277344,3.30010891,67.399,50.0416063293351,2898.138671875
Senegal,SEN,2002,669.430447319209,3.95294404,59.393,50.6437189226209,2026.77782446969
Sierra Leone,SLE,2002,388.995111216836,5.55388832,63.891,50.6062334114798,1359.91725651246
South Sudan,SSD,2002,,,83.239,51.1971399492421,
Sao Tome and Principe,STP,2002,568.10257252271,9.49860477,44.445,50.3071617718665,1944.99838482036
Eswatini,SWZ,2002,1315.73634647994,5.52298307,77.575,51.8642378386338,4741.61187847577
Seychelles,SYC,2002,8864.16919495467,4.19562864,49.124,48.8760511542314,14569.6256457696
Chad,TCD,2002,219.061391951349,5.60251188,78.298,50.3210605567478,1225.70701162711
Togo,TGO,2002,445.238691488925,3.44502354,66.191,50.0954136073659,1357.0098170239
Tunisia,TUN,2002,2320.7723805785,5.12036419,35.798,49.5919727343338,6715.11078442505
Tanzania,TZA,2002,402.649047851563,4.68907642,76.956,50.3611317675888,1302.05554199219
Uganda,UGA,2002,241.984688408335,4.77136898,84.374,50.8238497738856,1254.98203506699
South Africa,ZAF,2002,2688.23676032806,6.67774487,42.102,52.424216329999,8792.35588574265
Zambia,ZMB,2002,393.864625518616,5.88845205,64.525,51.4917661607883,1837.06585172035
Zimbabwe,ZWE,2002,524.936478570323,,65.415,52.505006555036,3237.57082661378
Angola,AGO,2003,1133.66331960607,3.10680342,46.355,50.8745013294908,4322.19773214742
Burundi,BDI,2003,111.406682804391,5.27245188,91.092,50.7101575927266,531.812612194556
Benin,BEN,2003,676.002878084282,3.11678505,60.464,50.4676502965789,1841.60297283874
Burkina Faso,BFA,2003,362.373899996953,4.42266035,80.004,50.5789704928679,1037.83799374653
Botswana,BWA,2003,4230.12326909926,6.40933847,44.971,50.8603193267468,10438.7580333449
Central African Republic,CAF,2003,278.403992150941,4.18572474,62.116,49.7866362570426,648.193215397331
Cameroon,CMR,2003,988.241276791846,3.90227985,52.662,50.2944430624603,2368.10119477369
Democratic Republic of the Congo,COD,2003,161.491553524396,3.73353338,63.474,50.5192327814751,428.332470700597
Republic of the Congo,COG,2003,1016.82363412143,1.91852403,39.924,50.1711672807561,3886.99206795632
Comoros,COM,2003,959.691049354812,6.66024828,72.053,50.4213774004121,1949.13816081274
Cabo Verde,CPV,2003,1717.97565369655,3.6274426,44.003,50.577228164087,3551.4638434881
Djibouti,DJI,2003,764.634465224597,4.27048731,23.33,50.2425880649376,
Algeria,DZA,2003,2283.77299346126,3.32569361,37.716,48.560254163546,10802.7506703127
Egypt,EGY,2003,1031.27556291284,5.2242527,57.065,49.2636270184677,5928.07945344715
Eritrea,ERI,2003,348.950327077742,7.33703375,70.756,51.0597645537938,1620.85093040039
Ethiopia,ETH,2003,116.800491132777,4.89970922,84.69,49.9678929364907,492.840755429983
Gabon,GAB,2003,4710.74862768151,3.53648472,18.917,50.2959093542948,13564.1804141405
Ghana,GHA,2003,358.39927142073,2.14935279,54.049,50.1580127066605,2584.47723729151
Guinea,GIN,2003,566.48540588068,4.77216482,68.302,50.9668088976608,1327.96776541054
Guinea-Bissau,GNB,2003,419.78486611807,3.50201416,62.613,51.2907887892533,1088.74265675319
Equatorial Guinea,GNQ,2003,2930.60183743733,1.97185338,45.693,49.1470310026868,14496.1744119688
Kenya,KEN,2003,442.898457253405,4.03365707,79.052,50.2496937572297,1974.8582021244
Liberia,LBR,2003,239.779556677091,2.51847482,54.639,50.4485447020435,715.818246812872
Libya,LBY,2003,4674.09943200321,3.97301245,23.232,47.8429091235234,22662.7242140997
Lesotho,LSO,2003,583.270036200288,5.33754826,78.863,51.3721254632734,1484.09584449257
Morocco,MAR,2003,1941.87255859375,4.08037519,45.683,49.7839095699712,4741.0615234375
Madagascar,MDG,2003,352.620095849925,5.00276566,72.064,49.8471462776949,1218.83563168796
Mali,MLI,2003,441.910358475095,5.05061436,69.453,49.5762972750002,1714.89753907761
Mozambique,MOZ,2003,339.488737800648,3.25095367,70.363,51.8192701034809,619.987510681772
Mauritania,MRT,2003,732.017820812675,4.03254652,59.649,50.3841301620781,2446.69817773871
Mauritius,MUS,2003,4858.26575549747,3.18201613,57.665,49.5619914354653,10534.5572530361
Malawi,MWI,2003,383.348596852642,3.32019806,85.125,51.4597128417067,979.038977932038
Namibia,NAM,2003,2569.24739317883,10.74474621,65.291,51.7032662429471,5692.63373752872
Niger,NER,2003,265.225363452469,4.74740648,83.749,49.4479949338063,836.978440593236
Nigeria,NGA,2003,763.388745367223,5.05360985,62.644,49.819819069959,4014.86695354936
Rwanda,RWA,2003,249.012274982252,6.92888737,83.096,52.3878943154524,774.508237332335
Sudan,SDN,2003,580.320251464844,3.89187932,67.346,50.0796242712453,3058.10375976563
Senegal,SEN,2003,817.888034221442,4.29703569,59.102,50.6152449493185,2130.50797474486
Sierra Leone,SLE,2003,413.817607346927,5.06219816,63.648,50.5726978088865,1457.80167857458
South Sudan,SSD,2003,,,83.109,51.1025729502837,
Sao Tome and Principe,STP,2003,663.696211810494,11.46527386,43.234,50.2876832558593,2093.50493378321
Eswatini,SWZ,2003,2015.21743065251,6.37864399,77.704,51.9734245555682,5020.28286278551
Seychelles,SYC,2003,9070.28460757013,4.86075974,48.877,48.7292322540616,14141.7230046746
Chad,TCD,2003,289.087621122168,4.24698305,78.265,50.274857311976,1377.74659566702
Togo,TGO,2003,538.16537776929,3.44513917,65.735,50.0727193544431,1439.85178331415
Tunisia,TUN,2003,2725.8643148859,5.20888519,35.415,49.6479369333652,7098.4235616264
Tanzania,TZA,2003,422.18359375,5.34231472,76.389,50.3978896484468,1379.45776367188
Uganda,UGA,2003,250.71543664681,4.2991581,83.939,50.8064188983939,1320.23991630988
South Africa,ZAF,2003,4062.21755993786,7.04098177,41.554,52.3563294844812,9138.82823855017
Zambia,ZMB,2003,446.290104839041,5.99553585,64.049,51.4116232971424,1942.21520871647
Zimbabwe,ZWE,2003,468.471932927213,,65.521,52.5169955467163,2707.98957173272
Angola,AGO,2004,1451.47117872493,3.46084046,45.173,50.8510558684039,4770.68802563462
Burundi,BDI,2004,125.194965184533,7.09572744,90.861,50.6823464269144,551.562209243605
Benin,BEN,2004,758.695803786371,3.23273873,59.961,50.4240359990906,1915.34644346381
Burkina Faso,BFA,2004,403.81283743461,5.23083639,79.243,50.5128130867129,1079.00009142751
Botswana,BWA,2004,4956.69287735214,6.09125996,44.512,50.8232589822521,10818.1586503167
Central African Republic,CAF,2004,303.461321152782,4.14367914,62.034,49.7916202580312,690.426514027755
Cameroon,CMR,2004,1133.39326749673,3.72798991,52.06,50.2752929519767,2532.64744424214
Democratic Republic of the Congo,COD,2004,180.664764963633,4.33564186,63.0,50.5132387615151,455.866557396548
Republic of the Congo,COG,2004,1306.10136324599,1.92152369,39.467,50.1415207847083,3991.51124729764
Comoros,COM,2004,1072.28409029621,6.58576155,72.097,50.4212128726511,2024.8526447402
Cabo Verde,CPV,2004,1929.49081468781,3.54616308,43.154,50.426601581242,3968.65691704088
Djibouti,DJI,2004,806.261652944964,3.53544688,23.284,50.2457866443617,
Algeria,DZA,2004,2816.99384960555,3.29030514,36.939,48.5900761075835,11431.6856715426
Egypt,EGY,2004,991.255689145253,4.85732365,57.019,49.2732868963426,6207.12492160943
Eritrea,ERI,2004,426.840947887032,7.00984907,69.836,51.0083193369162,1620.76402912482
Ethiopia,ETH,2004,133.169812538096,4.31281853,84.496,49.9337988306248,557.825634817804
Gabon,GAB,2004,5465.79193590708,3.36498594,18.222,50.2158119537875,13637.6667971195
Ghana,GHA,2004,406.132105329565,2.36955285,53.37,50.1413004340804,2729.34450244911
Guinea,GIN,2004,584.897740538081,4.77632809,68.023,50.9765550648398,1366.03160239235
Guinea-Bissau,GNB,2004,431.376557669634,4.27070189,62.228,51.2524804343928,1105.34322841441
Equatorial Guinea,GNQ,2004,4901.30127408119,1.58463597,43.967,48.9733486236493,19354.2120821557
Kenya,KEN,2004,463.662781300121,4.21159506,78.69,50.2300793741217,2066.31540638632
Liberia,LBR,2004,284.140223992458,5.90509653,54.294,50.4433000695938,745.397861816656
Libya,LBY,2004,5773.76333234281,3.38328195,23.081,48.2286830110454,23813.4011504496
Lesotho,LSO,2004,766.685820928242,5.24658537,78.311,51.3792349460639,1560.74877547924
Morocco,MAR,2004,2183.55541992188,4.23211098,45.356,49.7778687943899,5024.6943359375
Madagascar,MDG,2004,272.20074858856,5.25090027,71.789,49.8469737203041,1279.54611058565
Mali,MLI,2004,495.006294680645,5.21768713,68.7,49.5646755062618,1730.0922516304
Mozambique,MOZ,2004,400.056973161545,3.53062654,70.182,51.8483150946258,673.345717268781
Mauritania,MRT,2004,823.554457141893,3.70429492,58.771,50.4730949574767,2570.29404911997
Mauritius,MUS,2004,5460.60800184198,3.31652546,57.777,49.5940950552088,11215.7002784358
Malawi,MWI,2004,404.674248445428,4.07199907,85.036,51.4948838616475,1032.80213909276
Namibia,NAM,2004,3403.15496192955,10.88543797,64.334,51.684429390726,6479.76368965829
Niger,NER,2004,283.468281798296,4.97818327,83.753,49.4205529587014,832.125196599523
Nigeria,NGA,2004,962.48104194733,4.63368416,61.788,49.7852432680693,4381.13682825117
Rwanda,RWA,2004,269.540446333402,7.50856972,83.092,52.2750603589062,832.279719304053
Sudan,SDN,2004,705.113342285156,4.15593481,67.293,50.1298294049833,3215.236328125
Senegal,SEN,2004,918.102079522155,4.56856203,58.694,50.589465605122,2236.29400949837
Sierra Leone,SLE,2004,417.749983329227,5.23798943,63.404,50.5392648640696,1541.00571321438
South Sudan,SSD,2004,,,82.977,51.0070522204976,
Sao Tome and Principe,STP,2004,726.560882130444,10.7211771,42.028,50.2710757426841,2170.94121914898
Eswatini,SWZ,2004,2525.5640452625,6.81432486,77.834,52.0753215506742,5309.60507878112
Seychelles,SYC,2004,10827.671636033,4.66628933,48.612,48.5502972004174,14160.4071686004
Chad,TCD,2004,445.850767157087,4.23982859,78.232,50.2292330390736,1808.21202176525
Togo,TGO,2004,560.266308533382,3.48131895,65.276,50.0506801710803,1427.00228439547
Tunisia,TUN,2004,3067.41936376975,5.19890785,35.05,49.7027934728176,7671.84535965305
Tanzania,TZA,2004,450.385284423828,5.7373414,75.777,50.4342349444179,1482.162109375
Uganda,UGA,2004,292.38185796262,4.70022202,83.493,50.790632791637,1405.24288438896
South Africa,ZAF,2004,5221.46333731721,6.938416,41.007,52.282659855896,9713.65348468834
Zambia,ZMB,2004,548.685974566277,5.46587515,63.57,51.3287163155277,2067.9372845653
Zimbabwe,ZWE,2004,469.719298949304,,65.706,52.5520350486532,2591.02005431794
Angola,AGO,2005,2145.88621096327,2.54726577,44.0,50.8265054653787,5415.61212018099
Burundi,BDI,2005,147.234619294225,7.56016588,90.625,50.6539283610676,553.047973759863
Benin,BEN,2005,779.437777753268,3.22345805,59.457,50.4025625959588,1945.56414052296
Burkina Faso,BFA,2005,441.164148016012,4.83784914,78.463,50.4523000225953,1171.76432319587
Botswana,BWA,2005,5391.07076619634,5.26532936,44.056,50.7874711189933,11458.2270967968
Central African Republic,CAF,2005,311.950023138687,4.22857571,61.931,49.7952578920493,702.460624591232
Cameroon,CMR,2005,1142.62466252106,3.77274442,51.459,50.256615179254,2597.68039893219
Democratic Republic of the Congo,COD,2005,214.539740473519,3.98558235,62.519,50.5047883374435,483.910024827321
Republic of the Congo,COG,2005,1799.05158366154,1.71774101,39.012,50.11401655614,4278.92538741319
Comoros,COM,2005,1105.78796866788,6.13142872,72.125,50.3889126979574,2162.0719557682
Cabo Verde,CPV,2005,2004.14680417563,3.34086585,42.311,50.2767385053029,4324.20232454639
Djibouti,DJI,2005,844.4483573908,3.80321956,23.239,50.2532868904521,
Algeria,DZA,2005,3233.13339634212,3.1188612,36.17,48.6215151354984,12246.2692243613
Egypt,EGY,2005,1105.53920713903,4.92229176,56.973,49.2859249929878,6554.12885095179
Eritrea,ERI,2005,412.753079199423,6.8641758,68.901,50.9764340635515,1674.07005453978
Ethiopia,ETH,2005,158.243458082465,4.10098124,84.3,49.9042089785468,624.510692425695
Gabon,GAB,2005,6547.87613955186,2.92175174,17.548,50.1250089682575,14028.356207939
Ghana,GHA,2005,478.611909191028,3.27344108,52.692,50.125450801931,2903.83429043881
Guinea,GIN,2005,463.17768685098,4.03452682,67.743,51.0170082904276,1422.35088198922
Guinea-Bissau,GNB,2005,463.073962650452,4.53462505,61.843,51.2132803989621,1186.62631354737
Equatorial Guinea,GNQ,2005,8673.9026086535,1.42048728,42.26,48.7812009495792,22137.0497795007
Kenya,KEN,2005,523.456312433863,4.2174139,78.325,50.2124258907663,2188.6956101775
Liberia,LBR,2005,287.487333441381,6.69497347,53.949,50.4257023975959,774.032567790285
Libya,LBY,2005,8079.24957329001,2.51707149,22.92,48.5979293708489,26902.8985878895
Lesotho,LSO,2005,861.381496414995,4.67452669,77.751,51.3926237381443,1680.87364079911
Morocco,MAR,2005,2242.98828125,4.37350655,44.826,49.7715670628613,5274.74169921875
Madagascar,MDG,2005,305.812074924388,5.21557808,71.186,49.8470931731889,1342.51929937145
Mali,MLI,2005,548.730382842725,5.19517279,67.94,49.5557015737465,1770.67795435907
Mozambique,MOZ,2005,436.773856167384,4.21435642,70.001,51.8701381940193,721.411761943486
Mauritania,MRT,2005,998.96583416747,3.40312648,57.889,50.5554328783464,2809.03508145691
Mauritius,MUS,2005,5354.02974260642,3.51794028,57.888,49.6263961425819,11703.4765244451
Malawi,MWI,2005,414.361121984475,4.30046511,84.946,51.5249806231012,1070.93590957736
Namibia,NAM,2005,3685.77299991587,10.82506466,63.368,51.6705897189081,6766.5998120605
Niger,NER,2005,318.643121918273,5.87749624,83.758,49.3958284385679,888.304262543839
Nigeria,NGA,2005,1211.37703504386,4.46591949,60.926,49.7569971915204,4678.09163245173
Rwanda,RWA,2005,324.016863847189,7.71997023,83.088,52.1728518402227,914.227366408104
Sudan,SDN,2005,905.543640136719,4.09418154,67.24,50.1816012849155,3407.35180664063
Senegal,SEN,2005,979.846101520171,3.67466521,58.286,50.5622104705526,2350.20037042455
Sierra Leone,SLE,2005,462.633324427945,5.23005009,63.081,50.5057061318902,1614.50361925174
South Sudan,SSD,2005,,,82.846,50.9167350338459,
Sao Tome and Principe,STP,2005,844.169181884274,10.35199738,40.835,50.2561247216036,2329.01423017277
Eswatini,SWZ,2005,2871.06877437449,7.37623358,77.962,52.167889069917,5772.68986514959
Seychelles,SYC,2005,11802.1118276833,4.44606543,48.33,48.3728589512362,15846.0514029555
Chad,TCD,2005,838.092107712557,3.73196912,78.199,50.1860459802256,2101.69135982144
Togo,TGO,2005,551.259850017077,3.98242044,64.815,50.0295570413256,1367.51066289847
Tunisia,TUN,2005,3146.8260743927,5.14555788,34.763,49.7582802860482,8116.9548993789
Tanzania,TZA,2005,483.334869384766,6.32282543,75.155,50.4681758056924,1598.03747558594
Uganda,UGA,2005,330.405402707025,5.80516291,83.04,50.7744814996548,1496.50947836066
South Africa,ZAF,2005,5836.87663325127,6.86216164,40.464,52.2076273418529,10440.6275147132
Zambia,ZMB,2005,710.982068171696,6.33088684,63.089,51.2343521988009,2212.81202553596
Zimbabwe,ZWE,2005,461.271387547912,,65.89,52.6077566335729,2495.92081736268
Angola,AGO,2006,2930.4442860732,2.39833426,43.236,50.8006158695065,6017.8181625251
Burundi,BDI,2006,161.892755640319,8.71264839,90.383,50.6264344997239,579.707804423789
Benin,BEN,2006,809.147072506221,3.28773856,58.951,50.3788229983705,2020.60567734722
Burkina Faso,BFA,2006,455.513655620024,5.17043304,77.661,50.4068505083623,1244.00243844319
Botswana,BWA,2006,5291.58379144849,4.87599421,43.6,50.7484327962883,12562.9649932723
Central African Republic,CAF,2006,333.942519903031,4.31108665,61.807,49.7991012840659,743.287480208983
Cameroon,CMR,2006,1191.45458990968,3.73662829,50.857,50.2396069925676,2704.43739800377
Democratic Republic of the Congo,COD,2006,255.445229568751,4.06210661,62.029,50.4959135561561,508.4008175183
Republic of the Congo,COG,2006,2103.5821381211,1.70861316,38.559,50.0895656651573,4588.10924898465
Comoros,COM,2006,1138.47908404345,5.77341843,72.137,50.3544422268265,2145.92066953414
Cabo Verde,CPV,2006,2256.99666191075,3.82406759,41.471,50.1277693549176,4758.37704995678
Djibouti,DJI,2006,898.464628136774,4.21972466,23.193,50.2617544089258,
Algeria,DZA,2006,3660.66104745322,3.18999887,35.407,48.6538554307811,12791.3412605973
Egypt,EGY,2006,1298.97900203124,4.84190083,56.927,49.3071236907999,7079.02808456919
Eritrea,ERI,2006,447.997404727201,6.85727453,67.949,50.9528193606591,1682.23894199347
Ethiopia,ETH,2006,189.345737521418,4.45757294,84.101,49.8786558053437,692.866907656774
Gabon,GAB,2006,6847.00985685394,3.14623928,16.893,50.0222430398512,13637.2590188998
Ghana,GHA,2006,906.441027564887,3.67208791,52.012,50.1097883215538,3103.22625820374
Guinea,GIN,2006,446.980554135013,3.61526895,67.461,51.0496262645414,1452.96083164187
Guinea-Bissau,GNB,2006,448.513075469701,5.07826185,61.455,51.1734236414393,1225.91824576792
Equatorial Guinea,GNQ,2006,10184.8841248541,1.41217864,40.569,48.5643862782894,23511.39865709
Kenya,KEN,2006,699.80237063381,5.0134387,77.955,50.1974121618443,2330.13028941165
Liberia,LBR,2006,320.55808618515,5.77426577,53.604,50.4071862325562,815.218917036837
Libya,LBY,2006,10048.8480434289,2.29996443,22.747,48.7803022334831,28935.6615820305
Lesotho,LSO,2006,925.467485502842,5.40532398,77.18,51.3911124683943,1813.4444072345
Morocco,MAR,2006,2438.12646484375,4.56586647,44.254,49.7500046878285,5780.6181640625
Madagascar,MDG,2006,324.146874882604,5.07203865,70.575,49.84749814859,1416.40465948998
Mali,MLI,2006,586.985415515264,5.4559021,67.168,49.5480459809552,1831.5492454407
Mozambique,MOZ,2006,457.487647833183,3.94559026,69.818,51.884566606182,798.387667642541
Mauritania,MRT,2006,1300.60367988659,2.70252752,57.002,50.6302303511345,3341.70718355001
Mauritius,MUS,2006,5784.22491883026,3.60573649,58.0,49.6585246969214,12592.5218946608
Malawi,MWI,2006,440.822149023873,4.91223288,84.856,51.5481221635464,1124.4382691229
Namibia,NAM,2006,4017.1834716928,11.30290031,62.39,51.6621416465183,7373.75822211888
Niger,NER,2006,333.345078419447,5.99335575,83.762,49.3735852219643,935.175329354286
Nigeria,NGA,2006,1599.53891556365,4.25775146,60.057,49.7355728135036,4975.26979314967
Rwanda,RWA,2006,356.995022901154,7.60511971,83.083,52.0802869393927,1002.28949388428
Sudan,SDN,2006,1132.474609375,4.88544321,67.187,50.2198769871651,3637.32666015625
Senegal,SEN,2006,1017.20196747987,3.76337624,57.876,50.5350868840649,2422.09761798858
Sierra Leone,SLE,2006,580.26796974773,5.29913139,62.697,50.4726225613911,1697.69680421278
South Sudan,SSD,2006,,,82.713,50.8338592515087,
Sao Tome and Principe,STP,2006,861.970707697664,7.10559654,39.652,50.2420942054359,2550.59553998213
Eswatini,SWZ,2006,2964.95865200682,7.82560062,78.09,52.2621897465595,6319.41444308281
Seychelles,SYC,2006,12782.9938926475,4.33191252,48.031,48.1958106956724,17503.1964981748
Chad,TCD,2006,906.897260572747,3.73417258,78.166,50.1467343344519,2078.60167039399
Togo,TGO,2006,552.50227125256,4.30967808,64.351,50.0076281026288,1407.06825596295
Tunisia,TUN,2006,3322.56933570096,5.13109922,34.476,49.8139741224251,8728.65712549855
Tanzania,TZA,2006,475.746734619141,7.598279,74.522,50.5004255873361,1706.54846191406
Uganda,UGA,2006,346.518255310647,6.463305,82.575,50.7573643025598,1659.72529096776
South Africa,ZAF,2006,6077.38293388876,6.87650871,39.923,52.1350525739117,11250.179555872
Zambia,ZMB,2006,1051.71714895686,5.5774231,62.605,51.1302930948898,2377.99239778211
Zimbabwe,ZWE,2006,431.034994414964,,66.074,52.6130848203814,2453.75642369722
Angola,AGO,2007,3515.05678986535,2.65790844,42.476,50.7738793473774,6727.96328856831
Burundi,BDI,2007,166.162744906755,9.1855402,90.136,50.5981469451746,593.560734529723
Benin,BEN,2007,912.338247188342,2.93715644,58.442,50.3324615039431,2135.53787873721
Burkina Faso,BFA,2007,514.684451177238,5.77535009,77.004,50.3836617316312,1290.49951017424
Botswana,BWA,2007,5529.12574632532,5.52080727,42.072,50.7063359636166,13388.7379138475
Central African Republic,CAF,2007,380.887048839475,4.6338892,61.661,49.8029474967341,783.355445280928
Cameroon,CMR,2007,1325.67248215933,3.79498792,50.254,50.2251952158171,2817.7222811838
Democratic Republic of the Congo,COD,2007,294.101615124419,3.89384961,61.53,50.4865860090485,549.827650078763
Republic of the Congo,COG,2007,2206.47101863414,1.90200174,38.107,50.0691633818457,4242.61126846002
Comoros,COM,2007,1289.73631056361,5.41753864,72.133,50.3193251702797,2177.9281684323
Cabo Verde,CPV,2007,3324.57675212498,3.84218621,40.637,49.9807533016653,5566.76949101583
Djibouti,DJI,2007,969.573220191902,4.05262756,23.147,50.2706034233363,
Algeria,DZA,2007,4167.45169937531,3.62011433,34.652,48.6808475664179,13320.964120903
Egypt,EGY,2007,1547.74170735909,4.44493246,56.922,49.337451932618,7640.57228597204
Eritrea,ERI,2007,480.44762365456,5.2786293,66.983,50.9302378989969,1727.09344172581
Ethiopia,ETH,2007,237.146255996319,5.00128317,83.884,49.8598381593358,770.261155212815
Gabon,GAB,2007,8003.54289696049,3.0834198,16.258,49.909718179353,14391.2465868132
Ghana,GHA,2007,1050.12461524926,3.70900321,51.331,50.0948702957105,3241.22081107324
Guinea,GIN,2007,650.148575304743,3.48262477,67.178,51.0495192594792,1557.58584868863
Guinea-Bissau,GNB,2007,519.069789794741,4.92573404,61.066,51.1327469734374,1259.6056068922
Equatorial Guinea,GNQ,2007,12616.9532942011,1.42080677,38.9,48.350070074244,26610.7691219619
Kenya,KEN,2007,840.201439476765,5.12358475,77.58,50.1863967017444,2481.08706146996
Liberia,LBR,2007,374.211308104278,4.32884932,53.258,50.388002343931,872.584645942216
Libya,LBY,2007,11144.9448413435,2.41929626,22.563,48.7802444769566,30928.9422810828
Lesotho,LSO,2007,861.188420899563,7.22251844,76.696,51.389824642599,1932.4266622594
Morocco,MAR,2007,2755.5859375,4.80759001,43.683,49.725614968646,6057.935546875
Madagascar,MDG,2007,419.548001431865,4.60865784,69.957,49.8479593778759,1493.37545004972
Mali,MLI,2007,670.853394973479,5.2530427,66.388,49.5419246737482,1852.36282555464
Mozambique,MOZ,2007,507.874923914304,3.79955554,69.636,51.8962345981599,861.987682743539
Mauritania,MRT,2007,1405.15016203368,2.87644005,56.11,50.6953631678661,3278.27661394002
Mauritius,MUS,2007,6677.34962448608,3.52321672,58.111,49.6906308609796,13612.2512989533
Malawi,MWI,2007,475.180261659331,5.44258356,84.765,51.5573965684279,1230.56385441329
Namibia,NAM,2007,4379.04313682732,11.41372871,61.402,51.6610026751214,7874.93144508288
Niger,NER,2007,387.168065883301,5.43105888,83.766,49.353573172596,954.892280110555
Nigeria,NGA,2007,1815.52697545827,3.90997243,59.181,49.7151534534176,5297.97029503285
Rwanda,RWA,2007,426.234183487629,7.86262226,83.079,51.9954274029538,1078.93885246368
Sudan,SDN,2007,1444.37219238281,5.66269159,67.134,50.2440152929415,3836.48901367188
Senegal,SEN,2007,1188.93877808175,3.41496587,57.465,50.5091822727681,2499.31582882192
Sierra Leone,SLE,2007,631.889926264998,5.31662989,62.311,50.4421801896666,1769.77972125467
South Sudan,SSD,2007,,,82.58,50.7583574647494,
Sao Tome and Principe,STP,2007,878.885791918745,7.00608587,38.48,50.2298173246906,2650.1038762996
Eswatini,SWZ,2007,3109.11097608864,7.93004131,78.171,52.2834313586167,6731.95411367419
Seychelles,SYC,2007,12669.3026687222,3.79315019,47.715,48.0282937388623,19473.4206754148
Chad,TCD,2007,980.483531485103,3.47199655,78.132,50.1108588424478,2149.25986052772
Togo,TGO,2007,607.587886721352,3.67734432,63.884,49.9846000804092,1387.20061733991
Tunisia,TUN,2007,3726.91672935667,5.17542839,34.191,49.8691832165692,9479.35063936328
Tanzania,TZA,2007,543.198303222656,6.88427973,73.879,50.5305521505321,1820.00134277344
Uganda,UGA,2007,401.389130865581,6.11309004,82.101,50.738265354126,1794.53518881483
South Africa,ZAF,2007,6591.85535960564,6.90510845,39.384,52.0675505175447,12046.6051072501
Zambia,ZMB,2007,1118.73162626953,4.55994081,62.119,51.0245532740484,2554.68937629218
Zimbabwe,ZWE,2007,413.521244592925,,66.257,52.5993165604217,2396.37835055325
Angola,AGO,2008,4578.15526451517,2.97807598,41.718,50.7478107416797,7315.60233056666
Burundi,BDI,2008,189.502074570768,7.74147511,89.882,50.5682760738555,609.042906461819
Benin,BEN,2008,1060.60254502099,2.65178108,57.931,50.2896039276734,2215.35163859542
Burkina Faso,BFA,2008,619.437533256264,4.96721601,76.466,50.3789234998109,1351.36041569133
Botswana,BWA,2008,5503.07395314313,5.89747286,40.556,50.665292286548,13810.355526136
Central African Republic,CAF,2008,437.24827472489,4.02635765,61.494,49.8055158354396,797.652806166077
Cameroon,CMR,2008,1492.14269801453,3.65843678,49.65,50.2123499573814,2870.44106866605
Democratic Republic of the Congo,COD,2008,352.900363371995,4.31254816,61.024,50.4774418850534,584.020810311472
Republic of the Congo,COG,2008,2832.09177777643,2.2392714,37.654,50.0533849614855,4448.33261714253
Comoros,COM,2008,1455.02768595586,5.06897497,72.114,50.2832480808254,2262.49853000291
Cabo Verde,CPV,2008,3908.64885822576,3.26951575,39.806,49.8373408064146,6010.85136847472
Djibouti,DJI,2008,1119.15233346969,3.6125772,23.101,50.2801506383761,
Algeria,DZA,2008,5180.91881514686,3.98331022,33.903,48.6990163013074,13666.2181960534
Egypt,EGY,2008,1896.21594269779,4.46634817,56.942,49.3713220517979,8190.70913161
Eritrea,ERI,2008,490.066956003333,6.57807541,66.0,50.8979603575863,1546.92747535768
Ethiopia,ETH,2008,316.410475118075,4.28063869,83.49,49.8475392726024,844.988380018695
Gabon,GAB,2008,9688.64519690633,2.84760666,15.641,49.7924306888986,13733.7012862122
Ghana,GHA,2008,1182.65761256016,3.72533512,50.649,50.081579563105,3515.58923520243
Guinea,GIN,2008,703.532825784369,3.26561713,66.894,51.036643576489,1613.69884518936
Guinea-Bissau,GNB,2008,640.210331101753,5.35239792,60.675,51.0914926474442,1308.53556699717
Equatorial Guinea,GNQ,2008,18210.5552970599,1.23333216,37.255,48.1391939365439,30522.7787142774
Kenya,KEN,2008,915.54435473604,5.19050598,77.2,50.1781535343598,2459.12174524213
Liberia,LBR,2008,451.713856283285,5.99615717,52.912,50.367966115712,915.053599714179
Libya,LBY,2008,13906.1407818125,2.24441886,22.368,48.7714079061107,30812.2837288703
Lesotho,LSO,2008,898.482517882593,7.66648197,76.204,51.4012675047202,2064.42311214194
Morocco,MAR,2008,3183.20043945313,4.83789158,43.114,49.6995880660619,6437.0634765625
Madagascar,MDG,2008,512.579800058444,4.08111811,69.33,49.8485196862278,1577.33838928618
Mali,MLI,2008,767.19483895009,5.02688074,65.597,49.5373334541659,1893.49514528434
Mozambique,MOZ,2008,592.159111184122,4.13496828,69.168,51.905647893885,916.155850233958
Mauritania,MRT,2008,1635.5630623124,3.01338983,55.212,50.803152356901,3235.99782161036
Mauritius,MUS,2008,8140.50808595895,3.93896508,58.223,49.7255292691633,14569.1531207728
Malawi,MWI,2008,554.048820396119,6.10668802,84.674,51.5362448375542,1311.44999791984
Namibia,NAM,2008,4204.78555422749,10.67726994,60.403,51.6652206876607,8124.81517886749
Niger,NER,2008,475.044955398162,5.24640608,83.771,49.335327008384,1010.43184621169
Nigeria,NGA,2008,2154.10543545364,3.69581532,58.298,49.6948190251755,5607.00840150758
Rwanda,RWA,2008,528.326391755502,7.55971909,83.075,51.9166599774037,1190.7575798332
Sudan,SDN,2008,1527.58239746094,5.42313576,67.081,50.260434673719,3937.52685546875
Senegal,SEN,2008,1398.79218010021,3.50687575,57.053,50.4845439344594,2580.71949180217
Sierra Leone,SLE,2008,705.359014080005,5.60332584,61.923,50.4141246331677,1824.24498367556
South Sudan,SSD,2008,1654.21153546555,,82.445,50.6903372294219,2887.37415932878
Sao Tome and Principe,STP,2008,1081.8684584729,5.97009039,37.32,50.2180767814399,2801.83579340874
Eswatini,SWZ,2008,2946.8606613746,8.85792923,77.955,52.1857002874076,6913.68732720184
Seychelles,SYC,2008,11265.4376270005,3.51518679,47.381,47.8762142478957,18880.5748562445
Chad,TCD,2008,1166.36883453841,3.16359782,78.099,50.074706166058,2180.51680433217
Togo,TGO,2008,718.948386717473,3.74071932,63.413,49.9614998841228,1429.30636492931
Tunisia,TUN,2008,4255.05008019523,5.1644063,33.907,49.923420473155,9975.02232125899
Tanzania,TZA,2008,675.977233886719,5.55704737,73.224,50.5690095449862,1908.37353515625
Uganda,UGA,2008,472.842681495852,5.45474958,81.616,50.7176120095798,1930.70869517816
South Africa,ZAF,2008,6184.75474328399,7.14832258,38.846,52.0050632111007,12525.2630299811
Zambia,ZMB,2008,1375.50211006997,4.49370766,61.629,50.9221412507668,2708.00819669101
Zimbabwe,ZWE,2008,340.917447588572,,66.44,52.6167611301667,1986.90882459937
Angola,AGO,2009,3645.14846562976,3.30655909,40.966,50.7226774056556,7227.56364237588
Burundi,BDI,2009,198.431524048225,9.23238468,89.624,50.5342187207674,604.588154080249
Benin,BEN,2009,1024.10277858112,2.89953876,57.42,50.2504936419381,2213.32895620809
Burkina Faso,BFA,2009,601.569520671859,5.19683933,75.921,50.3784197978544,1359.69224907302
Botswana,BWA,2009,5082.93388332404,6.62081194,39.063,50.6290083805828,11686.1846639657
Central African Republic,CAF,2009,456.471673898404,4.68325615,61.306,50.3089281254975,877.252131104878
Cameroon,CMR,2009,1461.38999232337,3.49997187,49.046,50.2011277299597,2878.95143886138
Democratic Republic of the Congo,COD,2009,280.178991035792,4.51133156,60.509,50.4696685810434,572.959249024865
Republic of the Congo,COG,2009,2271.15219175966,2.1422224,37.2,50.0401637944707,4800.90159806602
Comoros,COM,2009,1410.30516959473,4.92694378,72.079,50.2458143027161,2303.94782891469
Cabo Verde,CPV,2009,3659.72046361628,3.55867004,38.984,49.6996878334058,5900.66086529142
Djibouti,DJI,2009,1150.9375857489,3.63905573,23.056,50.2885265181103,
Algeria,DZA,2009,4235.42990456612,4.89210796,33.174,48.7127112663704,13651.4472995041
Egypt,EGY,2009,2161.63964573927,4.37870932,56.961,49.4026854537897,8465.02052412662
Eritrea,ERI,2009,642.92572288007,5.42343187,65.415,50.8681613014369,1576.74284599077
Ethiopia,ETH,2009,368.574712267445,4.6496563,83.09,49.8393548487088,899.140901796651
Gabon,GAB,2009,7290.57526093114,3.78076673,15.045,49.670850696576,13383.5662273185
Ghana,GHA,2009,1047.70430093586,4.17717743,49.969,50.0695380028464,3617.23944435035
Guinea,GIN,2009,662.185914665575,3.58146644,66.609,51.0244209735561,1566.70089247765
Guinea-Bissau,GNB,2009,583.190020139094,4.61063194,60.284,51.0507561369177,1314.97078661955
Equatorial Guinea,GNQ,2009,13232.5019378102,1.87389886,35.642,47.9350129834908,29722.0005631066
Kenya,KEN,2009,1047.9678324485,5.29172945,76.817,50.1708077066505,2480.0442906801
Liberia,LBR,2009,448.386367025545,8.98514843,52.555,50.347981297622,939.496290246214
Libya,LBY,2009,9551.05403869755,3.5828805,22.163,48.7677576685893,29027.1468071228
Lesotho,LSO,2009,878.847950537772,8.9529829,75.707,51.4083120549331,2036.26308567654
Morocco,MAR,2009,3119.58862304688,5.27312183,42.548,49.6716095999916,6628.57666015625
Madagascar,MDG,2009,446.315238370592,4.38469839,68.699,49.8486537511927,1479.82980025947
Mali,MLI,2009,787.482564287398,5.21225691,64.8,49.5323810849754,1944.69828229092
Mozambique,MOZ,2009,547.697144193651,5.05562353,68.672,51.9102419217439,951.485453763858
Mauritania,MRT,2009,1435.43010811893,3.11034036,54.314,50.9513318524148,3158.74414286708
Mauritius,MUS,2009,7426.88645617593,4.17035627,58.334,49.7647329261313,15104.8081548746
Malawi,MWI,2009,625.869729869625,5.87333822,84.571,51.4955346661121,1387.78991561758
Namibia,NAM,2009,4302.91374148376,9.90435314,59.399,51.6699536390081,8079.38392286218
Niger,NER,2009,461.131533961487,5.33850145,83.775,49.317412704411,998.792501504778
Nigeria,NGA,2009,1820.48633854782,3.5801971,57.412,49.6745367224755,5927.46111768635
Rwanda,RWA,2009,564.039095842449,7.79951382,83.07,51.8423860923666,1240.54972631385
Sudan,SDN,2009,1178.22180175781,6.39496326,67.007,50.2690508720892,3731.61474609375
Senegal,SEN,2009,1308.69404336205,3.841573,56.641,50.4632949483882,2605.72280250701
Sierra Leone,SLE,2009,652.845806767943,6.27075481,61.534,50.3874731118695,1814.0708691735
South Sudan,SSD,2009,1323.22068747862,,82.299,50.6309747710702,2911.0429729878
Sao Tome and Principe,STP,2009,1128.28046213305,5.75177002,36.177,50.2077558433088,2845.73589383231
Eswatini,SWZ,2009,3189.79679956637,8.63292217,77.738,52.0446490214477,7010.9331263514
Seychelles,SYC,2009,9747.09180546291,3.43580508,47.031,47.7229034049643,18453.4410730348
Chad,TCD,2009,1035.63719694254,3.36260128,78.066,50.0384781826224,2087.14718677867
Togo,TGO,2009,720.693768151415,3.92726755,62.942,49.9389868380988,1474.18338993482
Tunisia,TUN,2009,4080.09032448781,5.40595293,33.624,49.9761095088661,10237.08899945
Tanzania,TZA,2009,693.823547363281,5.06306362,72.561,50.6401226456939,1972.16784667969
Uganda,UGA,2009,798.947089938247,5.78845549,81.122,50.6964880236021,2014.60879442098
South Africa,ZAF,2009,6374.70560042992,7.64941454,38.313,51.946382919626,12261.4115911303
Zambia,ZMB,2009,1136.24168316848,5.22568512,61.139,50.8316809224937,2872.46418366268
Zimbabwe,ZWE,2009,735.821693871697,,66.622,52.6312297464998,2232.8525728967
Angola,AGO,2010,4101.63715566712,2.36373854,40.217,50.6987603169906,7411.65460883624
Burundi,BDI,2010,216.727705301976,11.28196716,89.358,50.5032770948904,613.695880049889
Benin,BEN,2010,973.244254931526,3.01848245,56.907,50.2129730449164,2220.32854611489
Burkina Faso,BFA,2010,624.957252224766,5.28967237,75.367,50.3769728157479,1449.42216382921
Botswana,BWA,2010,6215.73216077919,6.26718187,37.588,50.5988362656226,12753.3066340117
Central African Republic,CAF,2010,476.873786950728,3.56699872,61.096,50.8373922433939,936.485497371468
Cameroon,CMR,2010,1398.58702025047,3.57742167,48.441,50.1915414463455,2913.94292755606
Democratic Republic of the Congo,COD,2010,352.400398754692,3.72224283,59.987,50.4619566370725,605.785160280927
Republic of the Congo,COG,2010,2946.55798067708,1.85172856,36.744,50.0288192833724,5125.06991343643
Comoros,COM,2010,1386.5742428453,4.99181557,72.027,50.2060824482503,2372.41233989712
Cabo Verde,CPV,2010,3579.46006137809,4.08085394,38.179,49.5935533480847,6038.58525655665
Djibouti,DJI,2010,1213.23352553429,3.35699701,23.001,50.2957263193199,
Algeria,DZA,2010,4912.78585503672,4.64001417,32.46,48.7279429701962,14201.3659906969
Egypt,EGY,2010,2455.08194645282,4.15319157,56.981,49.4327468878591,8837.76450033703
Eritrea,ERI,2010,539.699512069686,4.81866503,64.825,50.8442590722623,1599.19106106457
Ethiopia,ETH,2010,330.619412798644,5.46637249,82.681,49.8333245212454,995.653978578747
Gabon,GAB,2010,8356.74662013345,2.47556901,14.467,49.5438923319606,14014.6905491122
Ghana,GHA,2010,1263.89251760539,4.52302933,49.287,50.0586418195035,3855.46891716757
Guinea,GIN,2010,659.235326211315,3.42781734,66.322,51.0115441522896,1621.69161141242
Guinea-Bissau,GNB,2010,600.194298540768,4.87133694,59.889,51.0099301176113,1369.68917066121
Equatorial Guinea,GNQ,2010,13720.1658723222,1.73363662,34.06,47.7420874033395,26167.8268525276
Kenya,KEN,2010,1091.51873101194,5.38849831,76.429,50.1657725412939,2634.89271323826
Liberia,LBR,2010,492.252808033724,8.43860245,52.187,50.3285996100905,980.1181397741
Libya,LBY,2010,11600.9068649472,3.28064442,21.948,48.7725072905007,30234.0918728805
Lesotho,LSO,2010,1119.47557793042,7.4048481,75.202,51.4124225861377,2152.91528289768
Morocco,MAR,2010,3067.9853515625,5.41861057,41.982,49.6454694094914,6848.66748046875
Madagascar,MDG,2010,450.009391645726,4.69762659,68.062,49.8480143275082,1463.87646786391
Mali,MLI,2010,797.151541135109,4.67867136,64.001,49.527011204251,2011.67894612475
Mozambique,MOZ,2010,496.185839392659,5.29249668,68.17,51.9095309039627,1000.2411486648
Mauritania,MRT,2010,1659.96369705455,2.63618922,53.412,51.0871684019151,3177.84436561165
Mauritius,MUS,2010,8113.17670740212,4.51898289,58.445,49.8072438877407,15919.6622762525
Malawi,MWI,2010,683.124694716799,5.14304781,84.456,51.4579405390173,1457.60568309596
Namibia,NAM,2010,5418.21633365814,10.62278938,58.384,51.6725905780186,8538.19995395948
Niger,NER,2010,474.425692340831,4.96100473,83.779,49.2997996112596,1057.51100257385
Nigeria,NGA,2010,2202.25672957344,3.29653287,56.52,49.6559820120733,6301.18372544791
Rwanda,RWA,2010,593.624927744346,8.08185482,83.066,51.7697946402601,1314.13559494324
Sudan,SDN,2010,1305.63598632813,5.05810165,66.911,50.2755164643624,3805.62744140625
Senegal,SEN,2010,1275.88357492357,4.02764368,56.227,50.4442553638729,2662.50486626479
Sierra Leone,SLE,2010,685.039673490948,5.64204741,61.144,50.3620606699906,1900.38515206703
South Sudan,SSD,2010,1498.27034985194,,82.14,50.573586800593,2948.0500149385
Sao Tome and Principe,STP,2010,1045.20958234528,5.80827904,35.048,50.2013179172946,2858.56899092769
Eswatini,SWZ,2010,3922.74039390733,8.5912571,77.52,51.9041065083435,7324.46393085837
Seychelles,SYC,2010,10934.79494629,4.40148449,46.664,47.5329051279351,18981.6586503443
Chad,TCD,2010,1141.80069268412,3.08810997,78.015,50.0040162191905,2319.68883187561
Togo,TGO,2010,704.986772286079,4.33284378,62.467,49.9173572131973,1537.05369658593
Tunisia,TUN,2010,4291.86120891575,5.60950756,33.343,50.0269506377451,10555.0887033221
Tanzania,TZA,2010,736.530151367188,5.22392178,71.886,50.6949776921637,2069.40185546875
Uganda,UGA,2010,823.488144282,6.80890226,80.617,50.6754896243535,2091.55963145331
South Africa,ZAF,2010,7973.47195771517,7.79358244,37.782,51.8864407342107,12637.2912226018
Zambia,ZMB,2010,1451.10616017155,4.13426876,60.645,50.7592229875793,3097.66400499243
Zimbabwe,ZWE,2010,902.010759067388,10.47575283,66.804,52.6447891060467,2661.36483256213
Angola,AGO,2011,5184.15269149912,2.35561895,39.472,50.6776390069812,7537.59656403345
Burundi,BDI,2011,230.069761381132,10.06996346,89.085,50.4794001385885,628.665448296178
Benin,BEN,2011,1059.41358852588,2.99865556,56.392,50.1766907680225,2264.84186926384
Burkina Faso,BFA,2011,725.024767725475,4.64868164,74.804,50.3713740347144,1531.34338243982
Botswana,BWA,2011,7287.38295334919,5.86915016,36.135,50.5822665158775,13635.4267666146
Central African Republic,CAF,2011,534.057281471636,3.67561865,60.865,50.8417922191832,980.185520951852
Cameroon,CMR,2011,1513.96056994878,3.85282946,47.836,50.182885745489,2988.8172872551
Democratic Republic of the Congo,COD,2011,372.514273875789,3.19435549,59.456,50.4529578276351,643.764679093976
Republic of the Congo,COG,2011,3396.16505817952,1.75237322,36.288,50.0205760647327,5175.20439089036
Comoros,COM,2011,1531.43789372951,5.3021183,71.96,50.1655549834146,2471.78724731502
Cabo Verde,CPV,2011,4002.01386888785,3.92527819,37.678,49.5387587350375,6384.22844090415
Djibouti,DJI,2011,1306.34552844977,3.37387872,22.936,50.3024067082948,
Algeria,DZA,2011,5916.31364364343,4.82567501,31.764,48.7460767817015,14639.8779436268
Egypt,EGY,2011,2590.64384891965,4.35707569,57.0,49.448899284412,8988.10781880653
Eritrea,ERI,2011,688.68165957684,5.1622901,64.229,50.8230322979771,1742.32363018235
Ethiopia,ETH,2011,343.024942351887,4.46897745,82.265,49.8277143835902,1098.11515728787
Gabon,GAB,2011,10219.1139339454,2.55771565,13.908,49.4132666661055,14784.3483551883
Ghana,GHA,2011,1507.43573198753,4.46374655,48.606,50.049829301208,4381.12535523694
Guinea,GIN,2011,636.694958747648,3.78955102,66.034,50.995293243972,1705.27110438049
Guinea-Bissau,GNB,2011,719.539573498937,6.21634817,59.492,50.9690767295347,1471.76279879072
Equatorial Guinea,GNQ,2011,17198.2136668275,1.54309607,32.512,47.5896173085657,27241.6000370603
Kenya,KEN,2011,1096.14499807675,5.20212841,76.031,50.1648223494293,2750.28663787693
Liberia,LBR,2011,568.087865520004,8.58399582,51.807,50.3046069130466,1040.76141404018
Libya,LBY,2011,7593.8391525702,4.01902008,21.723,48.7472811448727,15698.0519072612
Lesotho,LSO,2011,1280.73390931581,8.99487114,74.69,51.4161058863193,2278.50142791066
Morocco,MAR,2011,3301.98876953125,5.37019396,41.419,49.6238019818983,7274.1474609375
Madagascar,MDG,2011,506.163691559309,4.521595,67.42,49.8472393162494,1475.17055178114
Mali,MLI,2011,938.292902583696,4.01485014,63.201,49.5224405489352,2046.22567064388
Mozambique,MOZ,2011,618.17649286789,4.9217639,67.664,51.8933243711647,1063.65543296311
Mauritania,MRT,2011,1931.19975525465,2.47383666,52.507,51.2082863710642,3270.86251341888
Mauritius,MUS,2011,9324.24232310496,4.25059652,58.556,49.8494092988397,16883.565820961
Malawi,MWI,2011,763.061000394572,5.32226658,84.328,51.4248422684984,1516.2111831915
Namibia,NAM,2011,5834.7917675794,10.86068344,57.363,51.6711588412752,9002.23004537057
Niger,NER,2011,510.75956176268,4.87323856,83.784,49.2841437230628,1064.41917390361
Nigeria,NGA,2011,2418.41316975875,3.32077932,55.634,49.6378556660978,6585.36193271035
Rwanda,RWA,2011,651.133677964662,7.93233776,83.062,51.6987190520811,1412.90752155318
Sudan,SDN,2011,1332.6572265625,5.61579561,66.793,50.2839117644471,4112.21875
Senegal,SEN,2011,1374.67591873844,4.21416712,55.812,50.4252059743361,2684.94989722318
Sierra Leone,SLE,2011,761.146365577281,6.60636759,60.752,50.3366315180036,2042.70009101399
South Sudan,SSD,2011,1448.98435006408,,81.968,50.5232205451945,2718.04847850752
Sao Tome and Principe,STP,2011,1219.80189089671,5.65160036,33.936,50.1869108537571,2914.21285695222
Eswatini,SWZ,2011,4225.06049411911,8.46997261,77.3,51.7691819797769,7570.9966142438
Seychelles,SYC,2011,12110.0937461973,4.35539675,46.28,47.2769624010554,21780.7075576057
Chad,TCD,2011,1308.1421872538,2.85585785,77.946,49.9721795308929,2388.16512149441
Togo,TGO,2011,783.988944671672,4.38927078,61.968,49.8961898794096,1615.98146436985
Tunisia,TUN,2011,4420.64772206537,6.12299299,33.062,50.0767083699437,10435.9956675373
Tanzania,TZA,2011,775.392761230469,5.0559845,71.202,50.7042851730784,2211.466796875
Uganda,UGA,2011,835.620060555838,6.6959095,80.102,50.654218227484,2267.72270357093
South Africa,ZAF,2011,8646.05571071635,7.94434404,37.254,51.82570196681,13143.1933361097
Zambia,ZMB,2011,1624.86817763443,3.95913363,60.149,50.7136581451669,3228.48714255039
Zimbabwe,ZWE,2011,1037.77565157218,8.081707,66.985,52.6651393880765,3047.31708873749
Angola,AGO,2012,5702.45306277434,2.13677311,38.732,50.6599014973512,8246.36081151609
Burundi,BDI,2012,231.098787811507,8.63756466,88.806,50.4561401278996,637.247080191101
Benin,BEN,2012,1071.5258366283,3.07562971,55.875,50.1401132966783,2346.08416204547
Burkina Faso,BFA,2012,731.470138867833,4.60267258,74.233,50.3551856546539,1571.83884477315
Botswana,BWA,2012,6595.53845015424,6.35010576,35.232,50.5400698847016,12736.5833891004
Central African Republic,CAF,2012,544.395849142785,3.91814446,60.612,50.83359937261,1062.06809941049
Cameroon,CMR,2012,1449.09874362279,3.9310236,47.231,50.175400422345,3059.64226568251
Democratic Republic of the Congo,COD,2012,409.931424783784,3.2215035,58.918,50.4445610453588,647.801733284929
Republic of the Congo,COG,2012,3732.32737320389,1.90971065,35.831,50.0144501049478,6058.06449417412
Comoros,COM,2012,1490.31511351281,5.17354631,71.877,50.1269016915335,2678.70262820599
Cabo Verde,CPV,2012,3736.81517011087,4.6740551,37.179,49.5053276166851,6318.06108723364
Djibouti,DJI,2012,1400.19357858954,3.29730988,22.862,50.3090260430081,
Algeria,DZA,2012,6033.64884689543,5.63658524,31.085,48.7669527887647,14441.3293398806
Egypt,EGY,2012,2996.0677072015,4.45891809,57.054,49.4499404375234,10342.4317112754
Eritrea,ERI,2012,,3.74245787,63.628,50.8066706859985,
Ethiopia,ETH,2012,452.101031885754,4.5395956,81.84,49.8229919806797,1178.97474553026
Gabon,GAB,2012,9296.96587941088,2.42097569,13.366,49.2834440600144,14619.7181445113
Ghana,GHA,2012,1543.77524235764,3.93023658,47.927,50.0427485038024,4933.65254349093
Guinea,GIN,2012,699.353377212197,3.50398517,65.745,50.9809569677647,1789.97473033561
Guinea-Bissau,GNB,2012,635.461653303881,5.94134808,59.092,50.9292025752445,1401.84994044148
Equatorial Guinea,GNQ,2012,17308.5723924575,1.62290311,31.0,47.4758056161586,30011.9274409625
Kenya,KEN,2012,1285.00536171512,5.0180583,75.624,50.1666104519922,2847.27068286846
Liberia,LBR,2012,638.368751462083,7.62987185,51.417,50.2806969241563,1156.95319448003
Libya,LBY,2012,14975.8902795144,3.95612097,21.488,48.7351454292676,26826.0729756733
Lesotho,LSO,2012,1217.93071228944,9.98601341,74.296,51.4188287780789,2291.4956531127
Morocco,MAR,2012,3164.17724609375,5.39619017,40.858,49.6057785941346,7307.6123046875
Madagascar,MDG,2012,493.511162904211,3.91105914,66.773,49.8465888327547,1463.61756926447
Mali,MLI,2012,872.506092465564,3.7521801,62.401,49.5182175748681,1990.14805241092
Mozambique,MOZ,2012,685.685748199513,5.14035702,67.154,51.8650273378742,1075.87786085361
Mauritania,MRT,2012,1859.11733247641,2.64919329,51.6,51.3141075767732,3464.97661099269
Mauritius,MUS,2012,9421.52514098225,4.21993399,58.668,49.8629350667484,17259.4018011357
Malawi,MWI,2012,558.46208832772,6.02199793,84.188,51.3960560491221,1464.04323957796
Namibia,NAM,2012,5942.64680978673,10.20360184,56.307,51.6351096801592,9363.76632318029
Niger,NER,2012,528.510104469655,4.30732679,83.788,49.2712245546699,1161.78908289767
Nigeria,NGA,2012,2633.19734671361,3.35984254,54.754,49.6197913578331,6670.83826243627
Rwanda,RWA,2012,706.817269168561,8.1021471,83.057,51.6350334135095,1454.52507891388
Sudan,SDN,2012,1019.22210693359,5.68827009,66.654,50.293345559078,3710.376953125
Senegal,SEN,2012,1326.83798848379,4.26688004,55.397,50.4065438893553,2764.26130708482
Sierra Leone,SLE,2012,937.504428180231,5.92764187,60.358,50.3116280063745,2317.1913997528
South Sudan,SSD,2012,1109.26050083408,,81.783,50.483496091571,1417.38566439045
Sao Tome and Principe,STP,2012,1192.0202911189,7.07299662,32.84,50.1686558733946,2652.87879478958
Eswatini,SWZ,2012,4224.54789174487,7.82047606,77.151,51.6437501723965,7760.32280456285
Seychelles,SYC,2012,12337.1554669388,5.2896843,45.88,46.9917523080478,22263.822159947
Chad,TCD,2012,1354.34344701937,2.67306423,77.858,49.9424418957599,2435.1240819184
Togo,TGO,2012,762.39162379069,4.64366484,61.454,49.875914271422,1645.31290397424
Tunisia,TUN,2012,4297.26782454273,6.28984737,32.782,50.1264300299546,10614.531301194
Tanzania,TZA,2012,861.969909667969,5.01779366,70.507,50.7002568335578,2083.48486328125
Uganda,UGA,2012,795.222867553127,6.10853958,79.576,50.6332578054675,2031.94669538814
South Africa,ZAF,2012,8076.97678479741,8.00428867,36.728,51.7673478056067,12986.7976675307
Zambia,ZMB,2012,1710.05061343728,4.04541731,59.646,50.6812929301111,3323.63312219856
Zimbabwe,ZWE,2012,1239.22709745709,6.91838741,67.166,52.728474331857,3472.48572001016
Angola,AGO,2013,5688.57916215215,2.4297719,37.998,50.644244265729,8504.09532072053
Burundi,BDI,2013,234.844770150871,8.62834644,88.518,50.4338827517944,687.370968311715
Benin,BEN,2013,1168.92699279226,2.86880755,55.358,50.1029337087492,2511.65309588333
Burkina Faso,BFA,2013,759.762065168498,5.56331587,73.654,50.3387856138279,1642.89213125776
Botswana,BWA,2013,6666.91219583487,6.49913645,34.428,50.4630998611191,13621.1494726695
Central African Republic,CAF,2013,364.36696260838,4.76660204,60.337,50.8411886130916,709.853481245446
Cameroon,CMR,2013,1575.92882118897,3.63136435,46.627,50.1691868229957,3238.86829843733
Democratic Republic of the Congo,COD,2013,460.370334930107,3.34057522,58.373,50.4369437117562,760.64987993962
Republic of the Congo,COG,2013,3697.41705884249,1.94347155,35.373,50.0096868521725,5833.86336651436
Comoros,COM,2013,1603.32797107303,5.10299301,71.777,50.0548699209414,2832.53121548146
Cabo Verde,CPV,2013,3960.97596791345,4.82468271,36.683,49.4683000634487,6367.28001322501
Djibouti,DJI,2013,2075.94498424748,2.91782117,22.778,50.3164521615515,3762.2819610399
Algeria,DZA,2013,5979.60138960585,5.64541769,30.424,48.7891721000565,14370.820661674
Egypt,EGY,2013,3025.52563552448,4.6710043,57.107,49.4516888508288,10511.3931678495
Eritrea,ERI,2013,,4.96813059,63.021,50.7914652833548,
Ethiopia,ETH,2013,484.039833104062,4.07506514,81.425,49.8209444959429,1252.86896408004
Gabon,GAB,2013,9197.70106323947,2.84087205,12.844,49.1633813506961,14497.9921216902
Ghana,GHA,2013,2294.79584693743,4.59225416,47.252,50.0368105211561,5214.56935848794
Guinea,GIN,2013,748.455020824734,3.46108651,65.455,50.9669247527268,1842.00227737409
Guinea-Bissau,GNB,2013,654.304534409417,7.03943443,58.69,50.8905796904905,1415.82511935379
Equatorial Guinea,GNQ,2013,16304.0713196418,1.75622749,30.456,47.3729757194038,27909.5175876754
Kenya,KEN,2013,1370.87885214659,4.93100405,75.206,50.1703111030969,3106.39394464885
Liberia,LBR,2013,710.744570927863,7.15610409,51.015,50.2604894279702,1360.12910370155
Libya,LBY,2013,11951.7134126011,4.97548628,21.244,48.7738531123486,21151.0051911633
Lesotho,LSO,2013,1151.03735837227,10.97986031,73.899,51.4165551910209,2538.26310306049
Morocco,MAR,2013,3379.7431640625,5.25540543,40.3,49.589474780534,7542.0986328125
Madagascar,MDG,2013,515.301589361832,3.75156307,66.122,49.8457026316412,1473.40398077255
Mali,MLI,2013,901.920957644831,3.96408582,61.602,49.5162063997402,2059.28407641881
Mozambique,MOZ,2013,686.505672517351,6.04556036,66.64,51.8359477959322,1113.7525275929
Mauritania,MRT,2013,1934.24103064714,2.86799884,50.694,51.3458414628856,3831.04711012348
Mauritius,MUS,2013,9877.13865958834,4.620821,58.778,49.8503853265302,18435.2031858652
Malawi,MWI,2013,496.947368267313,8.22379494,84.034,51.3712847226626,1558.11224745203
Namibia,NAM,2013,5346.62131149967,10.08887577,55.244,51.5708497243294,9699.2083777865
Niger,NER,2013,552.103334363117,4.46636009,83.792,49.2601552524665,1137.76904129571
Nigeria,NGA,2013,2872.79083379398,3.4206934,53.882,49.6033080863994,7004.13119554477
Rwanda,RWA,2013,704.92421851123,6.77388763,83.053,51.5843470045992,1512.24171253848
Sudan,SDN,2013,1138.62780761719,6.96487474,66.493,50.3057811485401,3724.9599609375
Senegal,SEN,2013,1379.83196553924,4.38573599,54.981,50.3319196111109,2768.76818711984
Sierra Leone,SLE,2013,1117.47183075115,8.45845032,59.964,50.2876206499443,2700.73807805259
South Sudan,SSD,2013,1650.18943353528,,81.585,50.450906860166,1916.8535588619
Sao Tome and Principe,STP,2013,1382.5757842916,8.94060898,31.792,50.1581696842301,2945.73664283744
Eswatini,SWZ,2013,3949.94310039907,7.45703411,77.001,51.5320918485191,8231.15139767951
Seychelles,SYC,2013,14821.2921476077,4.19129515,45.463,46.7211268157464,22487.2497747
Chad,TCD,2013,1304.88742971475,2.95766044,77.752,49.9150468772369,2110.24705136988
Togo,TGO,2013,826.542799987227,4.78670263,60.939,49.8564534588293,1715.36073848665
Tunisia,TUN,2013,4369.79345826358,6.51394987,32.505,50.1758178376951,10671.569727457
Tanzania,TZA,2013,963.05712890625,4.64643383,69.804,50.681557473355,2176.21655273438
Uganda,UGA,2013,818.285427416713,5.78252411,79.042,50.613277138477,2044.88182485845
South Africa,ZAF,2013,7331.65467384919,8.10322285,36.207,51.7123183701644,13369.4382039605
Zambia,ZMB,2013,1820.71854827391,4.57390451,59.135,50.6511658292528,3477.28178777683
Zimbabwe,ZWE,2013,1362.99498323368,7.11022186,67.346,52.7619650018064,3783.94633704647
Angola,AGO,2014,5649.68762469139,2.15680027,37.269,50.6300115939276,9017.69018162269
Burundi,BDI,2014,250.544492155185,7.21081543,88.224,50.4141841329078,724.371954183273
Benin,BEN,2014,1204.39918670094,2.69111967,54.834,50.0676110423542,2670.41561399187
Burkina Faso,BFA,2014,764.861675106225,5.00027227,73.066,50.3216935663481,1661.31773793757
Botswana,BWA,2014,7122.36423421503,5.8804059,33.632,50.3902547049022,15003.3197518349
Central African Republic,CAF,2014,409.8504859647,4.56557369,60.041,50.9324530161261,698.963738923072
Cameroon,CMR,2014,1649.4433905949,4.34148788,46.024,50.1645769542037,3422.26128158344
Democratic Republic of the Congo,COD,2014,489.175952097319,3.72520614,57.82,50.4294643836284,859.356816141236
Republic of the Congo,COG,2014,3601.2365808718,1.97311735,34.915,50.0059386492316,5733.18393561256
Comoros,COM,2014,1615.71723662012,5.23849726,71.662,49.9517921242667,2937.61192894981
Cabo Verde,CPV,2014,3985.60706548134,4.85231543,36.19,49.4288792682784,6416.83301150977
Djibouti,DJI,2014,2214.62084142432,2.95930099,22.686,50.325066793522,3978.34667092554
Algeria,DZA,2014,6094.69392314956,6.01484108,29.779,48.8117570628055,14694.143827383
Egypt,EGY,2014,3133.39102265541,4.77415323,57.161,49.4605487886724,10256.4367553616
Eritrea,ERI,2014,,3.91432381,62.41,50.7812489903631,
Ethiopia,ETH,2014,549.986577082588,4.03365517,81.002,49.8218336417097,1484.63145566608
Gabon,GAB,2014,9201.36276648105,2.53282261,12.349,49.0672508427269,14853.6712460355
Ghana,GHA,2014,1949.90832923846,4.01644135,46.581,50.0326925078757,5517.13178763566
Guinea,GIN,2014,765.146999389279,4.787992,65.164,50.9448506762531,1873.21413058957
Guinea-Bissau,GNB,2014,652.022501029449,9.96897411,58.285,50.8536449484872,1455.90813665193
Equatorial Guinea,GNQ,2014,15548.6624656619,1.868559,29.917,47.2812711856537,27177.271665026
Kenya,KEN,2014,1482.81566253497,4.91267347,74.779,50.1766763428027,3359.48950665093
Liberia,LBR,2014,706.714490064507,8.09817886,50.603,50.241055953244,1418.77355515891
Libya,LBY,2014,8926.42074591474,5.17777824,20.991,48.8216270343842,17509.5285087845
Lesotho,LSO,2014,1173.5377928819,9.98823929,73.498,51.4112617296664,2771.24496867163
Morocco,MAR,2014,3435.40698242188,5.41626596,39.744,49.5724691110424,7237.27734375
Madagascar,MDG,2014,505.684922503435,4.46240282,65.466,49.8446799406954,1498.83976908219
Mali,MLI,2014,947.915033288325,4.48158312,60.804,49.515800710156,2184.87660281666
Mozambique,MOZ,2014,697.142680444123,6.24013042,66.122,51.8054363431727,1165.82826607505
Mauritania,MRT,2014,1713.00865264234,3.46724391,49.797,51.3118569920754,3865.1425867687
Mauritius,MUS,2014,10490.3315563853,5.38024664,58.889,49.8388164132492,19294.4682829555
Malawi,MWI,2014,529.5133440206,6.89776182,83.868,51.3492313406858,1505.55190404024
Namibia,NAM,2014,5378.32326241205,8.4089098,54.174,51.5095761976248,10365.3090596781
Niger,NER,2014,565.30989731175,4.45377159,83.781,49.2509774062731,1161.32515723793
Nigeria,NGA,2014,3088.72131316169,3.34840417,53.018,49.5879017120209,7396.12835532947
Rwanda,RWA,2014,724.957526520906,6.98448992,83.033,51.5431962161619,1677.56869684182
Sudan,SDN,2014,1275.43835449219,5.67619705,66.311,50.3180021862119,4260.57177734375
Senegal,SEN,2014,1398.89137601382,4.38962269,54.564,50.2015778434594,2853.80456250635
Sierra Leone,SLE,2014,1117.7586465721,15.11886978,59.568,50.2637141079631,2762.04553745948
South Sudan,SSD,2014,1242.73450181032,,81.374,50.4698278328944,1372.75618491146
Sao Tome and Principe,STP,2014,1489.67633417608,7.91452122,30.787,50.1522104824488,3233.3568807314
Eswatini,SWZ,2014,3771.07228381938,7.25596571,76.851,51.4279704795749,8365.743287389
Seychelles,SYC,2014,15188.1902175113,4.43609142,45.031,46.4698294395872,24984.526915426
Chad,TCD,2014,1278.78981422494,3.29708338,77.628,49.8920583093042,2133.18441198787
Togo,TGO,2014,855.584809246574,4.90473413,60.421,49.8371819366899,1803.14811022135
Tunisia,TUN,2014,4458.97895464547,6.45006084,32.228,50.2194329450723,10946.8935757638
Tanzania,TZA,2014,1022.74841308594,4.01492071,69.096,50.6597527927216,2221.1796875
Uganda,UGA,2014,896.054795546394,5.33653069,78.496,50.593563128712,2134.00916281741
South Africa,ZAF,2014,6856.73137092522,7.87136555,35.688,51.6309931508389,13358.9417186608
Zambia,ZMB,2014,1707.48573136694,3.82924223,58.618,50.6213025271092,3441.31497643775
Zimbabwe,ZWE,2014,1372.91526173161,8.1335125,67.496,52.7321195115939,3903.42797706084
Angola,AGO,2015,3641.72893919944,2.29966879,36.554,50.6168220037369,8067.48584683018
Burundi,BDI,2015,254.402585226788,6.29044485,87.922,50.4022374494901,722.032898379933
Benin,BEN,2015,1002.41886879614,2.72813416,54.305,50.0348174550452,2725.33724817144
Burkina Faso,BFA,2015,630.124750752312,5.13192415,72.47,50.3002505074295,1691.57935387408
Botswana,BWA,2015,6141.20394726616,6.10287762,32.845,50.3220207745383,14143.6940733728
Central African Republic,CAF,2015,366.322853938121,5.03434181,59.723,51.008646840433,768.870887999174
Cameroon,CMR,2015,1415.00009710569,4.12600517,45.422,50.1613707785058,3497.66067563959
Democratic Republic of the Congo,COD,2015,495.826633014883,3.74785447,57.26,50.4225288534236,910.393131638657
Republic of the Congo,COG,2015,2439.35189403696,2.45668483,34.457,50.0025502297168,4715.13431581624
Comoros,COM,2015,1329.37048235986,4.60089922,71.53,49.8546819654264,2949.47342240993
Cabo Verde,CPV,2015,3415.06266730931,4.40073681,35.7,49.3876770369619,6773.48679969386
Djibouti,DJI,2015,2376.12554719873,3.3475771,22.583,50.3349955699825,4263.96288890455
Algeria,DZA,2015,4685.05902729002,6.33435678,29.152,48.8340180115563,13807.3515841478
Egypt,EGY,2015,3306.98159414141,5.06153202,57.215,49.4830032713122,10903.3368231185
Eritrea,ERI,2015,,4.50776815,61.794,50.7738413792615,
Ethiopia,ETH,2015,597.912113218663,3.82316828,80.572,49.825235381964,1632.61818006837
Gabon,GAB,2015,7047.12654634355,2.65743947,11.882,49.0064865611721,14306.4340768252
Ghana,GHA,2015,1722.77282833606,4.54299259,45.914,50.0297410094561,5191.37053389659
Guinea,GIN,2015,747.356966759448,5.80919266,64.859,50.9112847047978,1929.68091332187
Guinea-Bissau,GNB,2015,645.066837207039,8.13228226,57.877,50.8184920311499,1729.94260310123
Equatorial Guinea,GNQ,2015,9068.91003238645,2.45693421,29.384,47.2022246019906,19478.7010123338
Kenya,KEN,2015,1489.11959777284,4.76439571,74.342,50.1861727419542,3678.32614146019
Liberia,LBR,2015,692.590082351257,10.38244438,50.18,50.2219906250355,1340.43279741197
Libya,LBY,2015,7458.48917756374,5.80638647,20.73,48.8819117614864,17903.2565395803
Lesotho,LSO,2015,1121.19851342518,9.25280476,73.092,51.4052240532811,3034.64692924848
Morocco,MAR,2015,3146.24780273438,5.10435581,39.191,49.5531615783221,7799.09228515625
Madagascar,MDG,2015,445.320069480568,5.0062542,64.807,49.843387087976,1496.61172412841
Mali,MLI,2015,838.11986940103,4.11143351,60.009,49.5153665713944,2330.24293947692
Mozambique,MOZ,2015,610.563774706589,6.60972881,65.6,51.7748458587909,1317.88785956822
Mauritania,MRT,2015,1554.94897871782,3.67363763,48.911,51.2762868391445,3977.61171275863
Mauritius,MUS,2015,9630.5437837507,5.55042362,59.0,49.8294867578495,20269.523509561
Malawi,MWI,2015,539.605363240686,6.62879086,83.687,51.32858473051,1403.08451209235
Namibia,NAM,2015,4774.10650865775,9.98106289,53.1,51.4531019668955,10465.8920558516
Niger,NER,2015,485.662574175279,5.34745932,83.753,49.2448255216857,1172.19178758955
Nigeria,NGA,2015,2585.73360671797,3.58194995,52.162,49.5714079578562,7307.83788188925
Rwanda,RWA,2015,733.998629882494,6.65061283,82.996,51.5059335798506,1780.74171636863
Sudan,SDN,2015,1292.37963867188,5.81112576,66.106,50.327152675146,4217.01025390625
Senegal,SEN,2015,1218.00613555438,4.37789631,54.138,50.0676199332161,2994.28032714875
Sierra Leone,SLE,2015,964.575980888989,12.3831234,59.171,50.2403570507506,2560.04985807593
South Sudan,SSD,2015,1080.14718624765,,81.148,50.5372646130627,1154.88686304107
Sao Tome and Principe,STP,2015,1298.10946596396,6.53226852,29.826,50.1490331567569,3171.50905832741
Eswatini,SWZ,2015,3419.82276559528,7.05855274,76.7,51.3235772813026,8391.07006084602
Seychelles,SYC,2015,15333.1051727105,4.24428654,44.6,46.2300310550318,25435.2289894362
Chad,TCD,2015,993.990730610869,3.40253925,77.485,49.8731363953232,2377.51137185751
Togo,TGO,2015,751.051987587248,6.24738503,59.9,49.8183395022129,1879.66835517243
Tunisia,TUN,2015,4014.94773686432,6.21339941,31.944,50.2572383870431,10782.5438382441
Tanzania,TZA,2015,939.127319335938,3.64969945,68.383,50.6094504749835,2317.27978515625
Uganda,UGA,2015,862.934610355811,4.99643135,77.94,50.5737908419516,2189.96485919003
South Africa,ZAF,2015,6112.27382485974,8.05304241,35.172,51.467640320102,13397.5234813346
Zambia,ZMB,2015,1295.87788680068,4.42974281,58.093,50.5964264234434,3337.47306887696
Zimbabwe,ZWE,2015,1387.12632595026,7.45204067,67.615,52.7041263175469,4045.89864738798
Angola,AGO,2016,2051.81462126253,2.39068723,35.851,50.6035948033022,7766.83787525546
Burundi,BDI,2016,232.937812100153,7.06148243,87.612,50.3936357745587,764.282221636916
Benin,BEN,2016,1010.5338961993,3.62042856,53.771,50.0045264762959,2842.0246258376
Burkina Faso,BFA,2016,663.742364842886,5.95284653,71.866,50.276120508791,1881.75893134407
Botswana,BWA,2016,6749.05994339013,5.76837635,32.067,50.259533841423,16228.1231235664
Central African Republic,CAF,2016,387.176203444318,5.44402313,59.382,51.0074224652887,826.013301383169
Cameroon,CMR,2016,1441.7201725688,4.02253723,44.821,50.1582682919248,3626.99932028578
Democratic Republic of the Congo,COD,2016,459.765036590388,4.20027828,56.693,50.4147133962306,950.022298158597
Republic of the Congo,COG,2016,2093.10728558843,2.59422994,33.999,50.0000191477857,4016.04908525318
Comoros,COM,2016,1365.48403444497,4.65263557,71.381,49.7645404527996,3139.05160740465
Cabo Verde,CPV,2016,3608.96605234906,4.36134005,35.216,49.3448495182947,7350.75358726727
Djibouti,DJI,2016,2510.4300076241,2.74166131,22.472,50.344913323542,4431.56588556176
Algeria,DZA,2016,4424.98529027556,6.00080872,28.541,48.8523984680711,13437.8460232169
Egypt,EGY,2016,3270.6287768197,5.07462406,57.268,49.5031614521064,10665.6676499685
Eritrea,ERI,2016,,3.73838949,61.173,50.764538129617,
Ethiopia,ETH,2016,641.651523286233,3.60033751,80.134,49.830508700103,1857.54946515224
Gabon,GAB,2016,6677.07003901644,3.1076982,11.441,48.9830053335086,13997.7352841911
Ghana,GHA,2016,1912.47991339951,3.39035821,45.251,50.0271249445868,5011.07931572904
Guinea,GIN,2016,711.996509782316,5.39694929,64.54,50.8705727452489,2255.32617992615
Guinea-Bissau,GNB,2016,679.665386626818,8.32881451,57.467,50.7848984629561,1824.3730977071
Equatorial Guinea,GNQ,2016,7453.19797948517,2.97177482,28.862,47.1365600794597,16649.4757672359
Kenya,KEN,2016,1554.12610314423,4.75429106,73.895,50.1943365397107,3916.65315673095
Liberia,LBR,2016,714.613063145659,9.88514519,49.746,50.203359906872,1490.33581410026
Libya,LBY,2016,7525.80299308216,6.17178679,20.46,48.9437474499127,16961.0177111717
Lesotho,LSO,2016,992.491840678465,9.19744301,72.683,51.3959206204217,2942.18153663921
Morocco,MAR,2016,3140.85546875,5.09203386,38.64,49.5410832802713,7853.17626953125
Madagascar,MDG,2016,453.970714522463,5.33248854,64.144,49.8414977927929,1561.51962374608
Mali,MLI,2016,872.468587171653,3.77377558,59.217,49.5148710438366,2531.80496963482
Mozambique,MOZ,2016,441.489734819071,7.21501875,65.074,51.7420389518948,1379.10740028691
Mauritania,MRT,2016,1565.76575722696,3.18699503,48.038,51.2388123688414,4682.70259690033
Mauritius,MUS,2016,10095.1225574156,5.54289532,59.09,49.8219155707178,21951.8307433111
Malawi,MWI,2016,450.506105510719,7.72703791,83.494,51.3091463542088,1409.95802703533
Namibia,NAM,2016,4395.68776162376,9.32231045,52.039,51.4016611095464,10200.1392609733
Niger,NER,2016,502.706475406446,4.53239059,83.71,49.2405788060711,1188.55709229837
Nigeria,NGA,2016,2070.4127339595,3.64773679,51.317,49.5533504044727,7072.49693372311
Rwanda,RWA,2016,729.519133812945,5.968925,82.944,51.4714473299051,1866.38968530286
Sudan,SDN,2016,1033.21594238281,5.68438482,65.879,50.33627572268,4470.35498046875
Senegal,SEN,2016,1266.43957151587,4.25606871,53.704,49.929575403804,3101.12348494108
Sierra Leone,SLE,2016,844.416411175476,10.05438519,58.772,50.2179081923821,2634.9252433025
South Sudan,SSD,2016,,,80.908,50.6297816955002,
Sao Tome and Principe,STP,2016,1434.87018050521,7.60211611,28.908,50.1492478692903,3319.54261733278
Eswatini,SWZ,2016,3238.17611961364,6.82044792,76.541,51.2210016989892,8484.12117278345
Seychelles,SYC,2016,16566.9946042294,4.71349716,44.169,46.0021307400224,28811.3970334958
Chad,TCD,2016,861.831767630746,3.70842481,77.323,49.856460501414,2120.08751553857
Togo,TGO,2016,772.581357620609,6.58550072,59.372,49.7996510691257,1932.92614273869
Tunisia,TUN,2016,3847.80354448809,6.24778175,31.654,50.2940320803589,10993.6638464522
Tanzania,TZA,2016,953.0107421875,3.96350336,67.667,50.536752981671,2434.69995117188
Uganda,UGA,2016,752.696571725656,5.01553297,77.376,50.5528084737522,2165.29759404413
South Africa,ZAF,2016,5651.20585165749,8.07959366,34.659,51.4831158910065,13519.3235102376
Zambia,ZMB,2016,1239.08527877713,4.46923161,57.562,50.5707407222818,3313.35121570029
Zimbabwe,ZWE,2016,1408.13945253431,7.25845575,67.704,52.6736105451027,4275.4493505094
